<?xml version="1.0"?>
<lom xmlns="http://www.imsglobal.org/xsd/imsmd_rootv1p2p1"
     xmlns:xsi="http://www.w3.org/2001/XMLSchema-instance"
	 xmlns:pkgprop="http://www.scorm.com/xsd/ScormEnginePackageProperties"
     xsi:schemaLocation="http://www.imsglobal.org/xsd/imsmd_rootv1p2p1 imsmd_rootv1p2p1.xsd 
	 http://www.scorm.com/xsd/ScormEnginePackageProperties ScormEnginePackageProperties.xsd">

    <general>
        
        <title>
            <langstring>Captivate E-Learning Course</langstring>
        </title>
        
        <catalogentry>
            <catalog>Catalog</catalog>
            <entry>
                <langstring>Course_ID1</langstring>
            </entry>
        </catalogentry>
        
        <language>en-US</language>

        <description>
					<langstring>Bible Quizzes are written to spark your interest rather than to test your knowledge.

The Holy Bible is the word of God and the book of life.  It is a religious book, and an inspirational and uplifting work. It is also a historical document. 


I bring you a series of Bible Quizzes to share with you some of the most beautiful messages and lessons in the Holy Book.  It is not about how many correct answers you come up with. It is more about getting you to reflect on the message of peace and love that Jesus gave us. 

There will be several volumes, each with ten questions, and the correct answers will be provided at the end of each series. Reflect, contemplate, meditate, pray, and let the message be part of your life. 

Biblical era were difficult times, and now we live in a tumultuous period. But the message is the same. We must not despair. All problems can be solved through dialogue, prayers, and peaceful methods.  Those who are persecuted and aggrieved have a right to protest, but more can be achieved through peaceful demonstration than through revenge and violence. Silence can sometimes speak louder than 100 decibels. 

We are all children of God, and must learn the virtues of tolerance and forgiveness.  The greatest king who ever reigned conquered the world without raising a sword, or commanding an army. His mission on earth was to protect the poor and those who have been unfairly treated, and jailed.

“The Spirit of the Lord GOD is upon me, because the LORD has anointed me to bring good news to the poor; he has sent me to bind up the brokenhearted, to proclaim liberty to the captives, and the opening of the prison to those who are bound…..”

Spread the Gospel.  God bless you.

I thank God for everything.
</langstring>
		</description>
        
        
            <keyword><langstring>Training</langstring></keyword>

    </general>
    <lifecycle>
        
        <version>
            <langstring>1.0</langstring>
        </version>
        <status>
            <source>
                <langstring xml:lang="x-none">LOMv1.0</langstring>
            </source>
            <value>
                <langstring xml:lang="x-none">Final</langstring>
            </value>
        </status>
        <contribute>
            <role>
                <source>
                    <langstring xml:lang="x-none">LOMv1.0</langstring>
                </source>
                <value>
                    <langstring xml:lang="x-none">Author</langstring>
                </value>
            </role>
            <centity>
                <vcard>
                    BEGIN:VCARD
                    VERSION:2.1
                    FN: Dr. Joe Ordia
ORG: Company
EMAIL;PREF;INTERNET: joe.ordia@gmail.com
URL:  www.ordia.com

                    END:VCARD
                </vcard>
            </centity>
        </contribute>
        <contribute>
            <role>
                <source>
                    <langstring xml:lang="x-none">LOMv1.0</langstring>
                </source>
                <value>
                    <langstring xml:lang="x-none">Publisher</langstring>
                </value>
            </role>
            <centity>
                <vcard>
                    BEGIN:VCARD
                    VERSION:2.1
                    FN:Adobe Captivate
                    NOTE: version 9.0.0.223             
                    URL: http://www.adobe.com/products/captivate.html
                    END:VCARD
                </vcard>
            </centity>
        </contribute>
        <contribute>
            <role>
                <source>
                    <langstring xml:lang="x-none">LOMv1.0</langstring>
                </source>
                <value>
                    <langstring xml:lang="x-none">Technical Implementer</langstring>
                </value>
            </role>
            <centity>
                <vcard>
                    BEGIN:VCARD 
VERSION:2.1 
FN:SCORM Driver 
ORG:Rustici Software,LLC 
TEL;WORK;VOICE:1.615.376.9867 
ADR;WORK:;;3351 Aspen Grove Dr. Suite 300;Franklin;TN;37067;United States of America  
EMAIL;PREF;INTERNET:info@scorm.com 
URL: http://scorm.com 
END:VCARD
                </vcard>
            </centity>
        </contribute>
    </lifecycle>
    <metametadata>
        <metadatascheme>ADL SCORM 1.2</metadatascheme>
    </metametadata>
    <technical>
        <format>text/html</format>
        <format>application/x-javascript</format>
        <format>application/x-shockwave-flash</format>
        <format>text/css</format>
        <location>indexAPI.html</location>
		
        <pkgprop:ScormEnginePackageProperties xmlns="http://www.scorm.com/ScormEnginePackageProperties">
            <appearance>
                <displayStage>
          
                    <desired>
                        <width>1024</width>
                        <height>627</height>
                        <fullscreen>no</fullscreen>
                    </desired>
                    <required>
                        <width>0</width>
                        <height>0</height>
                        <fullscreen>no</fullscreen>
                    </required>
                </displayStage>
            </appearance>
            <behavior>
                <alwaysFlowToFirstSco>yes</alwaysFlowToFirstSco>
                <scoreOverridesStatus>no</scoreOverridesStatus>
            </behavior>

        </pkgprop:ScormEnginePackageProperties>
    </technical>
    <rights>
        <cost>
            <source>
                <langstring xml:lang="x-none">LOMv1.0</langstring>
            </source>
            <value>
                <langstring xml:lang="x-none">yes</langstring>
            </value>
        </cost>
        <copyrightandotherrestrictions>
            <source>
                <langstring xml:lang="x-none">LOMv1.0</langstring>
            </source>
            <value>
                <langstring xml:lang="x-none">yes</langstring>
            </value>
        </copyrightandotherrestrictions>
    </rights>
    <classification>
        <purpose>
            <source>
                <langstring xml:lang="x-none">LOMv1.0</langstring>
            </source>
            <value>
                <langstring xml:lang="x-none">Educational Objective</langstring>
            </value>
        </purpose>
        
        <description>
            <langstring>Bible Quizzes are written to spark your interest rather than to test your knowledge.

The Holy Bible is the word of God and the book of life.  It is a religious book, and an inspirational and uplifting work. It is also a historical document. 


I bring you a series of Bible Quizzes to share with you some of the most beautiful messages and lessons in the Holy Book.  It is not about how many correct answers you come up with. It is more about getting you to reflect on the message of peace and love that Jesus gave us. 

There will be several volumes, each with ten questions, and the correct answers will be provided at the end of each series. Reflect, contemplate, meditate, pray, and let the message be part of your life. 

Biblical era were difficult times, and now we live in a tumultuous period. But the message is the same. We must not despair. All problems can be solved through dialogue, prayers, and peaceful methods.  Those who are persecuted and aggrieved have a right to protest, but more can be achieved through peaceful demonstration than through revenge and violence. Silence can sometimes speak louder than 100 decibels. 

We are all children of God, and must learn the virtues of tolerance and forgiveness.  The greatest king who ever reigned conquered the world without raising a sword, or commanding an army. His mission on earth was to protect the poor and those who have been unfairly treated, and jailed.

“The Spirit of the Lord GOD is upon me, because the LORD has anointed me to bring good news to the poor; he has sent me to bind up the brokenhearted, to proclaim liberty to the captives, and the opening of the prison to those who are bound…..”

Spread the Gospel.  God bless you.

I thank God for everything.
</langstring>
        </description>
        
        
            <keyword><langstring>Training</langstring></keyword>

    </classification>
</lom>
